"year","breast","colon.and.rectum","anus,.anal.canal.and.anorectum","esophagus","gallbladder","liver.and.intrahepatic.bile.duct","other.biliary","other.digestive.organs","pancreas","peritoneum,.omentum.and.mesentery","retroperitoneum","small.intestine","stomach","cervix.uteri","corpus.and.uterus,.nos","other.female.genital.organs","ovary","vagina","vulva","hodgkin.lymphoma","leukemia","myeloma","non-hodgkin.lymphoma","bones.and.joints","brain.and.other.nervous.system","eye.and.orbit","kaposi.sarcoma.","melanoma.of.the.skin","mesothelioma.","miscellaneous","oral.cavity.and.pharynx","other.endocrine.including.thymus","other.non-epithelial.skin","soft.tissue.including.heart","thyroid","larynx","lung.and.bronchus","nose,.nasal.cavity.and.middle.ear","pleura","trachea,.mediastinum.and.other.respiratory.organs","kidney.and.renal.pelvis","other.urinary.organs","ureter","urinary.bladder"
1973,30.3698517550335,3.73036604061722,0.062934219518095,0,0,0.594805771858837,0,0,0.637512949608163,0,0,0.131786099251614,1.18961154371767,18.3103995186075,5.0661370229151,0.495145992582086,5.35810701761431,0,0.573452182984174,3.1002170872066,2.12761412491346,0.315797644696369,2.4007045918605,0.157930801235808,2.01599110965537,0.315797644696369,0,6.43287868449698,0,0.804962019287785,1.85806030841956,0.37400470888018,0.521226736791033,1.81062597533595,9.11625596952358,0.410794226414082,2.61073292373896,0.168575616785516,0.0842878083927581,0.062934219518095,1.02103592693216,0,0,1.11603250864987
1974,37.3512560810039,4.6825620428856,0.0727686920004658,0.145537384000932,0.145537384000932,0.620731170345954,0.0524612687150108,0.0727686920004658,0.448458574146895,0.0395982404565688,0.125229960715477,0.131657749628148,0.859344669632806,17.1520057352729,4.34207582451175,0.606851535973171,5.61806082552162,0.297502556914535,0.395997305431885,3.00850927204967,2.33433747903986,0.0727686920004658,2.32689308401285,0.395989854998786,2.47241556714758,0.343536036716874,0,7.72864379359626,0.0727686920004658,0.481621575257694,1.80567326829858,0.125229960715477,0.349963825629546,1.40527393574961,8.65805038997933,0.508364237888919,3.16356896590489,0.104922537430022,0,0.14452077788659,0.784542765403658,0,0,1.22115491740645
1975,31.7807724798395,4.11295761935214,0,0.130570846695042,0.0802645463885508,0.256645551323606,0,0,0.437522698325141,0.0802645463885508,0.210835393083593,0.306951851630098,0.643861949342255,15.159619948229,4.29218782148853,0.462984802340721,4.6625808848636,0.0689087762970751,0.501935332555737,2.99304308245699,2.43303546933969,0.210835393083593,2.58259586989943,0.462984802340721,2.7160159137958,0.241666428282577,0,7.81789863833154,0.176381004935056,0.436649909208216,1.88616276766086,0.321930974671128,0.456125174315724,0.846964925283927,9.61170049687731,0.199479622992118,3.01746663776064,0,0.0652854233475212,0.134194199644596,0.613030914143272,0,0.0344543881485376,0.543249348729272
1976,31.895369103265,4.04962633570134,0.108470210455585,0,0,0.333598343263338,0.063564097870621,0.0449061125849643,0.46072653900458,0,0.0898122251699286,0.122478870858766,0.711505229228709,16.6404853288291,3.61919967899561,0.507401845096597,4.53143830913731,0.198282435625514,0.339419291769936,2.24432592556082,3.05131944081281,0.172034308326206,3.73600248900102,0.363384857576751,2.22729224612897,0.200051629132567,0,8.045398370115,0.141136856144422,1.05557384588112,1.25040209639002,0.155145516547602,0.581436216356293,1.39735990104104,8.71508319154316,0.280504518781792,3.0214115549879,0.108470210455585,0,0,1.11913794375174,0,0,0.284042905795897
1977,33.8578512507911,4.03218999847507,0,0,0,0.216525895137138,0.0612720278888434,0,0.515957266369125,0,0.155253867248295,0.238159343343143,0.738892651395292,13.292264792013,4.05245702478856,0.331693446230525,4.53747030867684,0.12669165083006,0.72833556645389,3.21496208561086,2.1724672554549,0.168144388877484,2.12090516893814,0.181034910506673,1.91493635874241,0.364850994173203,0,8.7966466284808,0.135434577406876,1.32026954070563,1.47733756631851,0.312321892861176,0.64446307556377,1.43265591863916,9.84885140000885,0.135434577406876,2.77512651524883,0.0939818393594516,0,0.0939818393594516,0.920446840225166,0.122544055777687,0,0.90522288190819
1978,33.6135282435674,4.07125968817961,0.173177458334185,0.147488469982163,0.0577258194447282,0.245209977784469,0,0.0577258194447282,0.397233873949907,0,0.104069350542991,0.235438703962188,0.685862971173548,13.0485578590861,4.3642228095533,0.653528522691563,5.14539963719319,0.0577258194447282,0.233827689438004,3.30220105214316,2.26089457103407,0.0977215078023054,2.29887644080102,0.483573093405748,2.79081119553808,0.137717196159883,0.0399956883575772,10.5304757871426,0.0977215078023054,1.05901887129562,1.7027761201649,0.291553508882732,0.291553508882732,1.50279767837702,8.88252758524342,0.112028207807861,3.59664349088374,0.187484158339741,0,0.137717196159883,0.787007910057449,0.0977215078023054,0.0577258194447282,0.725858659531126
1979,31.4716944662692,4.37102362409362,0.0381834943199583,0.0553138235218334,0.0865699120559694,0.311748042059511,0.148811141363625,0.0381834943199583,0.401322523985095,0.0381834943199583,0.148811141363625,0.148811141363625,0.827621049004481,13.6313824090714,3.38920843624148,0.446704371851492,5.13721628707229,0.173139824111939,0.851678783992178,2.82841123021738,2.43829414242889,0.218250724217719,2.66647684230205,0.308743472189897,3.74506486562621,0.10069567138823,0,10.121364578401,0.0865699120559694,0.97305124997313,1.74719500754897,0.270559977869939,0.585854485320297,1.55143643398637,9.56901801043369,0.180067229897761,2.79696844065659,0.0865699120559694,0,0.0934973178417917,0.796364960470345,0.0553138235218334,0,0.806567883886397
1980,34.4343756290234,3.8928696433739,0.0532832486194511,0.0532832486194511,0.0729406219668741,0.217249972982169,0,0.0836252827513991,0.489794492930914,0.036470310983437,0.13362469023077,0.19303621570171,0.891846724606064,12.8443244606105,3.12641365198987,0.682091953078455,4.22829829355389,0.276661498453109,0.626263618873093,3.13664270265057,2.31701404915237,0.173378842354287,2.84813458712525,0.379944154551931,2.63088461414308,0.176223278065696,0,10.783855891616,0.036470310983437,0.839396613350897,1.1590961050676,0.150437627866784,0.782829523591366,0.899641276186122,7.9264035683093,0.036470310983437,2.30382997627499,0.173378842354287,0,0.0532832486194511,1.13203791207574,0,0.106566497238902,1.02831585054824
1981,36.8537736351774,3.1072773735992,0.13925285570863,0.104510813358239,0.104510813358239,0.19877074930131,0.13925285570863,0.0522554066791194,0.546760545419354,0,0.164028706950918,0.156766220037358,0.987300258735088,11.5948981676147,4.04815938013041,0.250741469673365,5.10794678237612,0.201050140660818,0.529247181090626,2.78265276459336,2.42425969712694,0.33076111809638,2.83205207314473,0.293030685244381,2.74078596095438,0.302996876352485,0,11.1294429765287,0,1.39708733980532,1.86140921891418,0.116756395825851,0.735565103612559,1.29727493569407,9.23415854159058,0.256009251534481,3.10870080513452,0.111773300271799,0,0.0347420423503916,0.959536016991193,0.086997449029511,0,0.820283161282562
1982,37.6004233855622,3.80593635888197,0.118223580615969,0,0,0.366531574462876,0.112462140045854,0,0.180137767370763,0.0640517492207428,0.0640517492207428,0.125965935975537,0.902826399319763,12.2172131485658,3.7981940035224,0.55292538155499,5.16815076655142,0.190017685196279,0.622243972194611,3.69362583014359,2.51647807978905,0.118223580615969,3.32793184267571,0.720053952147306,2.5227341195104,0.135845853801053,0.0640517492207428,11.7385327294101,0.029145154325314,1.32139224271192,1.64165098881563,0.112462140045854,0.775374147706009,0.829883930575975,8.68328179263896,0.125965935975537,2.61496899906024,0,0,0.0484103908251113,0.806500216820776,0,0.0349065948954288,1.23231381642126
1983,35.7444552387261,4.05854863948586,0.144168696426279,0.0467788443544503,0.0467788443544503,0.104172008907633,0.0467788443544503,0,0.615789303333711,0,0.0630432171742101,0.0935576887089006,0.684482573128948,11.7345324384725,3.14650768224901,0.610335635559413,4.64648044940789,0.184165383944925,0.272073020032799,3.36036204115703,2.74987310177603,0.312069707551445,2.51101461242607,0.399977343639318,3.20405415062379,0.137386539590475,0,11.2231650783711,0.0630432171742101,1.06524555047563,1.70226349420681,0.439288246114642,1.03586318315572,1.32828267369593,8.17085778884917,0.127904323606519,2.56600073318097,0.144168696426279,0,0,0.600407100404003,0,0,0.655100205809034
1984,37.9176240120388,3.48998672983482,0.0893491075375175,0.117732593591148,0,0.437713369724989,0.100806656666674,0.0336022188888915,0.391383863288251,0.0336022188888915,0.10666025871128,0.117732593591148,0.744966858310984,13.1206083151908,2.94281974972985,0.259015154649954,5.52671523618835,0.0782767726576502,0.816619600425448,3.34224174527382,2.49938411737822,0.363635246443965,3.0101555269256,0.347729392978127,3.11211360646887,0.308908441253974,0,11.985142117761,0,0.80071374695961,1.19960616496045,0.285358473786315,0.714039675548706,1.11102748592151,9.51173334901696,0.330033027555074,2.2392133199804,0.196009366248798,0,0.129190142720305,0.531261126639133,0.0782767726576502,0,0.637921385350414
1985,37.8746901576685,2.98169452972415,0.118198307429516,0.0854532483430322,0.0854532483430322,0.44830213563679,0,0.0427266241715161,0.490226796991094,0.0427266241715161,0.203651555772548,0.150943366516,0.827511826452013,11.8111068022923,3.36703611008501,0.207377556866547,4.7219110700227,0.368302488467579,0.401047547554063,3.78694799994216,2.80838214458645,0.0427266241715161,2.76034904573007,0.508462327081336,3.28052053797626,0.211905520777758,0,11.9182507808852,0,1.09572786313492,2.00163541112172,0.128179872514548,0.68854842603522,1.08506800967807,9.25773826597714,0.0991608145220631,2.51968482790833,0.264613710034306,0.0327450590864839,0.0427266241715161,0.87929437844595,0,0,0.718369446844917
1986,36.6956463625582,3.18684718294201,0.193414630845448,0.0320458592733232,0.0320458592733232,0.44695010218993,0.0320458592733232,0.0403421928930312,0.28125587504571,0.0403421928930312,0.149101559904804,0.204896944831743,0.715508445411775,12.7002612946382,3.27696737755329,0.437868870889196,4.40699613536761,0.281610452570192,0.747199727160616,2.82555737118005,2.30781836517539,0.193414630845448,2.71457775973641,0.446519782033386,3.07444216241753,0.297418222128582,0,11.7543557451253,0.0280749812257106,0.687078886661582,1.51759652754376,0.168880207510807,1.30283345373026,1.02908901462323,9.72961253226052,0.100463033392065,2.19837919610423,0.168880207510807,0,0.204896944831743,1.17075488122141,0,0,0.759745773720359
1987,36.1911546580625,3.13080718333535,0.151799947234477,0.0401689067955033,0.0401689067955033,0.248391035164068,0.111631040438973,0.102755360491437,0.571326340252529,0,0.0938796805438998,0.0401689067955033,0.629332572111052,10.9735975339745,3.57770207398647,0.406070491233105,4.24971616171938,0.291642078240494,0.483610932270474,3.60541790401901,3.26036151400529,0.31247557441649,2.99011076114748,0.365901584437602,3.17413249333184,0.171135357853984,0,13.6649616879698,0.12050672038651,0.757130921720664,1.61243698209535,0.328728848755075,0.892763559784501,0.899856390448265,9.75537436202729,0.220179944597024,2.05495044946841,0.12050672038651,0,0.0996732242105142,0.886970016117887,0.0401689067955033,0,0.973101373375508
1988,34.319492188342,3.27763448799744,0.306172933217802,0.0676347124719919,0.106902215713294,0.21622672279297,0.0700570038383734,0.030789500597071,0.510988452068545,0.0785350064826048,0.109324507079676,0.174536928185286,0.954853101596712,12.8521285793402,3.33436890645882,0.196848426138126,6.47495477781678,0.213804431426589,0.572567453262687,3.99211309248647,2.66006538718915,0.21622672279297,3.26048913975091,0.470320477324089,3.06102907928834,0.170903508273818,0.118313419655521,12.3369958317048,0.100846504435444,0.933052513575486,1.84360422051627,0.277805723987112,0.979397547957866,1.33089369569482,8.90108016792085,0.266394520044885,2.15621151665185,0.236115929379428,0,0.092368501791213,1.03440992794254,0.0676347124719919,0,0.599023281058609
1989,33.1444208095831,3.99230713576044,0.258450058963006,0.0766109864587188,0.0383054932293594,0.281224549511071,0.0688454851180715,0.0610799837774241,0.464986514317221,0,0.0610799837774241,0.135768077934281,0.537229702698339,13.3247661829979,3.17879932990846,0.233230662639203,7.32895737054223,0.248761665320497,0.642457788743907,3.44370998366878,2.72992246655236,0.0766109864587188,3.41216055948681,0.573612303625836,2.49040111353369,0.154696783878622,0.14545647157679,12.9117672044227,0.0383054932293594,0.918361742690071,1.79937078963809,0.128002576593634,1.25155653061589,1.10455131594471,10.1183937804504,0.156619676180484,2.09901932894687,0.309841649097921,0,0.122159967554848,0.787914260320698,0.0766109864587188,0,0.925605230556841
1990,35.1559489501658,3.81298272492026,0.171189849980367,0.0289609653441736,0.11188060996984,0.356062832002209,0.142228884636193,0,0.53023469256598,0.0979900859893207,0.135283622645934,0.149174146626453,0.811710451254962,13.4891255392367,3.36467772077714,0.454052917991529,7.16331684972574,0.0606965493327075,0.87379430990985,4.11782320817229,1.74481400117534,0.327309258597079,3.3777561077602,0.387798415990742,2.94252077522078,0.195980171978641,0.266405317325327,11.6072171068358,0.126951051333494,0.828168201940797,1.44806912456302,0.21681595794942,0.636151281369011,1.6188441906653,9.7340647450048,0.247164232615773,2.23678263164061,0.21681595794942,0,0.0303482746663538,1.15665737792101,0,0,0.844833344565676
1991,36.947734136519,3.31635348407486,0.0661569096171196,0.0299180440660772,0.144955462204169,0.257248689145367,0.181194327755212,0,0.482060831774733,0.0955458897641239,0.197941664932286,0.298750248343229,0.708333349015877,10.9155034851818,3.49185492586571,0.523865766144698,7.74236289870364,0.270419396034371,0.694633578207801,3.50072280550543,1.91608161732777,0.174344442351174,3.72115382429945,0.568012644937924,2.63219616244039,0.312979083070378,0.0661569096171196,12.3007705793593,0.0724777311020847,0.581712415746,1.35398754710118,0.396941457702718,1.05732560889033,1.25685446557983,9.80378103983282,0.0892250682791588,2.3623549610454,0.204262486417251,0,0.0299180440660772,0.968629604530242,0,0,0.725080686192951
1992,33.7194445103349,4.0881762748006,0.284083115901852,0.0299223603897863,0.0649311766429312,0.124537149824354,0.130101100884013,0,0.514601704878241,0.0352475638512951,0.100178740494226,0.300774969080829,0.685275573075058,11.8780832126994,3.11349238236218,0.349730535339234,7.61471536720863,0.265527405229534,0.44943178063716,3.89073999624069,2.1825863421451,0.235605044839748,4.08443104635244,0.585335580178982,2.71244741461342,0.349730535339234,0.243510348589048,11.2807384847207,0.100178740494226,1.32207307508801,1.54428260983102,0.354816991202593,1.10550123611688,1.34972782750038,11.3287124275762,0.230279841378239,1.86401704006825,0.300774969080829,0,0.0596059731814224,1.06743482437964,0,0,0.544762812866178
1993,33.3137172212473,3.40203293234307,0.400287584018112,0.0649967472969977,0.0995071337766736,0.227735651619732,0.0986246454012054,0,0.296756424579084,0.0690207729593518,0.188318751102234,0.267152552137231,0.791644628336048,11.8370775109964,3.46349972613819,0.347033629762615,7.66947357677299,0.158714878660381,0.532540127523525,4.054648455408,1.71890725794874,0.231759677282087,3.70761453316111,0.473885587069724,3.03383219016257,0.317429757320761,0.121062954893819,11.153765192676,0.0641142589215294,1.14093730701008,1.88462291134344,0.361753171876082,0.83249722165892,1.23873859630524,10.8663745401724,0.0304863608173218,2.3822642361723,0.163621392698203,0.059207744883707,0.0641142589215294,1.17583610970474,0,0,0.915849120516752
1994,30.1966081321912,3.55516867254978,0.162588118852336,0.0592447022257968,0.0649549570385209,0.293825233504542,0.0340054053504585,0.0340054053504585,0.260221280666152,0.0945773081514193,0.0340054053504585,0.196593524202795,0.706541323972746,11.1177836128979,3.07032527811695,0.214393913178177,7.18311017660289,0.0976331618138155,0.485109955406681,3.54451975560457,2.12520094624404,0.354798588817571,4.2955700728868,0.630165857308777,3.39947429115044,0.282404723879094,0.216122566265409,12.4576694908807,0.131638567164274,1.09401811756561,1.31106643189412,0.260221280666152,0.855578827600334,1.36419942679512,11.4313956230422,0.165643972514733,2.70941498197459,0.0989603623889795,0,0.0340054053504585,1.21383472259237,0,0,0.688740934997364
1995,33.0306804190707,3.9178978872704,0.0646047599211049,0.165367922226718,0.0335877207685379,0.29344754331561,0,0.0335877207685379,0.31223294260699,0.0634748611677864,0.126949722335573,0.248758081439204,0.613392530770513,11.4925620071888,2.9533744701315,0.348080460882165,7.64212196787399,0.131780201458181,0.573533548016715,3.76425192311831,2.79840136080078,0.294888326178262,4.62623367556711,0.630737147199241,2.76337285716959,0.344379880512876,0.093362001567035,12.5592608918051,0.0634748611677864,1.07876175574304,1.98548819214514,0.25471845931513,0.843025942144602,1.46059879715466,13.0882170643776,0.235114045379765,2.15469871908957,0.0298871403992486,0,0,1.15785795303196,0,0.0646047599211049,0.450284406050431
1996,32.8928294013066,3.24403963272772,0.130204661832923,0.0940558793457625,0,0.318970704757887,0.0665413777280331,0,0.509960557072556,0.0665413777280331,0.227792919035268,0.44917536659081,0.731997288861537,11.4996439164957,3.28430889187757,0.279616686530864,6.05760743062989,0.166353444320083,0.812274850471848,3.53998340422526,2.50151139572377,0.0940558793457625,3.8062594186931,0.666437337483664,2.4468516684582,0.291129061023438,0.0998120665920496,13.8402970984563,0.030392595240873,1.01737016263869,1.49635002566427,0.158700589800812,1.33287467496733,1.32168944259147,12.8337166563742,0.290801918906718,2.71895005559966,0.0636632841048895,0.0636632841048895,0.0639904262216094,1.32544064328427,0.0332706888640165,0,0.580361454773892
1997,33.8823022168528,4.15863355322963,0.230134902002284,0,0.0309977608358391,0.289199598851155,0.0929932825075174,0.0616259906062253,0.426341218345922,0.161564092254901,0,0.387315468873382,1.0937197042374,11.7174440149152,3.60656093153096,0.256010075323414,6.6631757533345,0,0.581330022525118,4.11601098561603,2.27639327296315,0.261132662838124,4.11147251980252,0.688844710127987,3.07058633170292,0.253818312631512,0.225751376618481,13.5684210963085,0.0616259906062253,0.707512828560376,1.6611600884802,0.196945378474544,0.824903160127211,1.45616129766814,12.8620168609445,0.12837456872716,2.17764563612789,0.159002798497546,0,0.0926237514420645,1.03209371363117,0,0,0.830764809772827
1998,34.545322785061,4.14033826694966,0.394907287156978,0.164670690841251,0.0332542700171947,0.451527261847926,0.0649078807896664,0.0972195162469482,0.491468778719116,0.12887312701942,0.0623645869850306,0.164670690841251,0.772865347306812,11.8223447812213,3.34853577789356,0.295144477105393,6.75756035995648,0.160526737791892,0.579742364182536,3.58971570603911,2.18924250008542,0.326798087877865,3.88881268563694,0.480922188690865,2.91859159722189,0.193781007809086,0,12.8096927065127,0.163070031596528,0.80706225188392,1.61327067414253,0.47489296652168,0.6037660935411,0.969847673605345,14.7470638918511,0.262832841648112,2.26290486110168,0.160526737791892,0,0,1.43314876991654,0.0332542700171947,0.0649078807896664,0.638336412927915
1999,33.7948492944472,4.91996003110185,0.132686289403697,0,0.0657329483990573,0.163711393912992,0.164942567300434,0.0645017750116147,0.654856356433827,0.130245504192532,0.0992096189013771,0.427874360896664,0.786333034013802,10.1360524661813,4.35943172314707,0.293946117323664,6.38650160614572,0.162491001307409,0.789983431048689,4.3430749435163,2.72389175426457,0.162491001307409,4.48354292196611,0.420498101353868,3.32198695365327,0.261700620208786,0.130234723410672,14.2913381277032,0.0645017750116147,0.785091079844499,1.79474493157872,0.256797488222737,1.07290289179467,1.42888843735506,14.0013744234926,0.162480220525549,2.68226698424463,0.260480227603204,0,0.0310251045092948,1.87760649958337,0,0,0.879386785977966
2000,34.2207925443041,4.0001915772077,0.200445827831256,0.0677876537691612,0.0663290870310476,0.393447592007679,0.0663290870310476,0,0.402786001325242,0.135575307538322,0.131635386248597,0.133093952986711,0.827210286741274,9.30995071512611,3.78379050227384,0.349628346916653,5.9966452039878,0.20190439456937,0.598269120053276,3.64391024751187,2.85786020033449,0.266774914862304,4.28027124368854,0.491189151371696,2.98277185081322,0.227918378874501,0.0314124723329693,14.0276843578571,0,1.22605636677679,1.54324945354698,0.130176819510484,0.919989137002069,1.57422614695533,14.9825986196003,0.100222913915628,2.1005900409742,0.100222913915628,0.0314124723329693,0.032435260146467,1.56412307777337,0,0,0.764821120999952
2001,36.7874535896756,3.96566143564997,0.37086355732033,0.0988783223670251,0.101363647149782,0.531505906944753,0.0692389711297048,0,0.370854072558312,0.0692389711297048,0.19775664473405,0.200251454278825,0.707126598599843,9.96252043117605,3.78040729292585,0.435112909360485,4.20299873075237,0.13847794225941,0.726767742134028,3.39152128124021,2.76855508722863,0.375843691647862,4.36107987749789,0.462266935815048,3.315010881918,0.13847794225941,0.1013731319118,14.9239381553888,0.0988688376050073,1.84188167792585,1.70337528138038,0.30659523575614,0.553670314309766,0.897389329937551,15.5470699260321,0.1013731319118,1.92604208251411,0.410453692450697,0.0321246760200775,0,1.27823212543698,0,0,0.697156845182761
2002,33.0044675401393,4.3444827940181,0.213121131178442,0.0677073559703766,0.0710403770594806,0.142080754118961,0.129494390285756,0.0643743348812726,0.510590261107193,0.106560565589221,0.236054955874977,0.267496402792402,0.787340006643697,9.55607967822835,4.57125994448339,0.368136646726627,3.66920188902584,0.0710403770594806,0.646377833309552,4.39952691535803,2.61618259696684,0.0680802162319822,4.1202178147217,0.400696674428868,4.10728131189224,0.168347599904601,0.0680802162319822,13.765490933701,0.0355201885297403,1.56654525132811,2.1030277565591,0.468404030399245,0.940141081887594,1.35379698041127,18.8843021021363,0.103600404761723,2.41977549656509,0.203494928172735,0,0.0355201885297403,1.48329137069703,0,0,0.752565538637168
2003,35.1970952143279,4.59157744485812,0.0727940910463011,0.105389158869445,0.0977852034694314,0.268374271360492,0.101592067857102,0.0689970000339582,0.697529975550621,0.0727940910463011,0.174386158903403,0.210788091114217,1.06750608814354,9.51794960671929,4.60678535565814,0.707352270675035,3.44969851438033,0.105389158869445,0.705138817638298,3.69210830365256,2.52998917467846,0.469364500788614,5.28590593764388,0.931725541112363,3.2759226237874,0.174381272215739,0.0325999545108077,14.5096194113554,0.0325999545108077,1.55046554163059,1.68085069961083,0.479147702411718,0.592155476744167,1.22287747185925,19.9420331471927,0.181985227615753,1.81661169989136,0.239571407862027,0,0.0363970455231505,1.99100763217009,0.0363970455231505,0,0.693762204664261
2004,37.1720325186436,4.5356411930877,0.29202348184077,0.0742090668479632,0.107450510276643,0.317538745278845,0.103587420281341,0.101688029169779,0.350780188707524,0.065533191301578,0.111313600271945,0.384021632136204,1.06392983610848,9.33434340078909,5.01376401302164,0.280434211854863,3.24193464741799,0.107450510276643,0.606648832680093,3.91517353635139,2.95376353249832,0.367182244244514,4.07126426533995,0.444742037886699,3.73009892466039,0.2062251450069,0.0371045334239816,15.521239188591,0.10263772472556,2.27430338395494,1.75105185687028,0.514138319183579,0.727139948625302,1.53133805076591,20.2912683293766,0.0332414434286795,1.90289574820681,0.106500814720862,0.0332414434286795,0,2.24062460817156,0.065533191301578,0,0.493435841296587
2005,34.0332949952802,4.90009663599767,0.253394861076272,0.071124311631862,0.105199877326208,0.34542426334983,0.0740974918750319,0.0370487459375159,0.70883507812985,0,0.216911257193156,0.311348697655484,0.814600097510458,9.10212063072937,4.82643326932969,0.314321877898654,3.06521993376237,0.034075565694346,0.390827407962456,4.31658281965468,2.67264245860505,0.219319295381926,3.91440609798991,0.682494128024551,4.10138344174854,0.300021118737205,0.0370487459375159,16.5692009849686,0.108173057569378,1.89806428727528,2.09832138814988,0.305402337169144,0.716569693718897,1.56821853716687,19.7587922726278,0.071124311631862,2.14547459995737,0.287470426770618,0,0.034075565694346,1.78574957744609,0,0,0.613777854581459
2006,33.8432813714748,5.12695269980763,0.320259940841611,0.104020004360824,0.181445587743052,0.50393703145064,0.144782777991723,0,0.6019886109183,0.0695886974754718,0.108119968240394,0.310191552068878,1.23617702585598,9.11795820434125,4.07612212395079,0.251034285218523,2.89333304167549,0.146651239005316,0.467274221699311,4.47387797096382,2.81603363498085,0.144782777991723,4.05739975027354,0.474094906984824,4.06385739370667,0.146651239005316,0.0366628097513289,15.8423071439541,0.0366628097513289,2.10422053503745,2.11018895993062,0.343117439793021,1.06191516525082,1.72306104301948,19.9618749994005,0.0673571946094947,1.34689153881473,0.179577126729459,0.0366628097513289,0,2.1618723827266,0,0,0.61169395783865
2007,35.024366767163,5.20048565546672,0.246213678586982,0.0365662445652522,0.0731324891305044,0.247804775559293,0.034975147592941,0.0365662445652522,0.538743635109,0.0965630548454346,0.211238530994041,0.241236936134132,1.22450055350975,8.9189159484946,5.1296491048271,0.406159189193138,3.38533809185233,0.144673881288698,0.707051533648544,3.8460594224023,2.78525346453892,0.242828033106444,4.76105138027803,0.570877990716227,3.55812134286206,0.377751881025358,0.146264978261009,15.0520543931775,0.108107636723445,2.05811354714382,1.80160498169223,0.44272543375839,0.843769930075685,1.29997244464331,24.2559882317194,0.146264978261009,1.61738611342957,0,0,0,2.52531579009463,0,0.0731324891305044,0.285962117096857
2008,36.4103214238456,5.26314590861458,0.255250193001975,0,0.13981317363237,0.526429183054328,0.110298013845031,0,0.606015524727303,0.0346541653119134,0.28054167418312,0.34682283858547,0.843736861852458,9.05428216881262,5.49373876188745,0.475161488783975,3.19162920481144,0.0714201699269237,0.460148018651978,3.86951196254584,3.08263593738605,0.441192055380123,5.02734933242065,0.828319845278736,4.38161240737623,0.211233343559294,0,15.3960108608567,0.0367660046150102,1.872730854175,1.57888400272126,0.325070304102457,1.21664414756207,1.53275531397548,25.6877814379189,0.0346541653119134,1.64111443994882,0.341683833060896,0,0.0662811644023495,2.62792223666544,0.0346541653119134,0,0.388727848725054
2009,35.7864268126018,5.01956615863027,0.22367675627874,0.03727945937979,0.14259462662436,0.272595230740338,0.03727945937979,0,0.629081797301237,0.03727945937979,0.239981979891038,0.25443300476373,0.940813489785675,9.61409622019069,5.03311238494052,0.309874690120128,4.19469602763086,0.134666812646469,0.738110969274426,3.51101872379742,2.90537679775101,0.500938195549568,5.04183616887847,0.558686478926794,4.10237426968705,0.301946876142237,0.0633694993342891,14.8584786757386,0.133262209563379,1.88162697957135,1.97249112194323,0.449207711297087,0.984613356435563,1.62623896738105,26.6975303880449,0.03727945937979,2.30429505525742,0.122072790138088,0,0,1.84485012833691,0.0340178539323898,0,0.559641486353367
2010,34.2381605800365,5.58766309007492,0.215052053365116,0.0294353538975681,0.0761644291918056,0.425309733218266,0.0713700556798397,0.104657896763777,0.651561532758684,0.0380822145959028,0.172175465257248,0.501474162410072,1.32171638862344,9.13072452102971,5.36361415462736,0.32226283560586,3.02174066167108,0.172175465257248,0.387227518622364,3.29678544677309,2.86932686140349,0.342739931363125,4.19315347823611,0.474591693989471,2.86362922550807,0.180822325955582,0,16.2451735265918,0,1.64841588235746,1.93869047858879,0.603221458313077,0.72772596195049,1.89133091441092,26.442153738365,0.100805409577408,1.53197406847659,0.138887624173311,0,0.0294353538975681,2.63254442851355,0.0380822145959028,0,0.658597394305649
2011,35.5227939323053,5.36023130123743,0.145910716757333,0,0.0777172860345933,0.632754759922176,0.0713624112923262,0.0650075365500591,0.703370863047714,0.0293347877054428,0.136369947842385,0.386146844167074,1.15844053250122,9.0193922024465,5.50700441965162,0.337781259441017,3.31437994047756,0.0293347877054428,0.467033110771254,3.18013282364548,3.14632018693931,0.460678236028987,4.83751384772244,0.659683788827913,4.4790423406279,0.272739895684771,0,14.8598466579202,0.0713624112923262,1.78168835071464,2.13533142660668,0.594642425071667,0.629585779352589,1.63338878876069,26.7685817881853,0.178414485032362,1.51211743559945,0.246591002152008,0,0.0293347877054428,2.38905743887393,0.0388586430172967,0.0325037682750296,0.635177432324975
2012,36.8554297406625,6.08014320477687,0.195517161538468,0.138866179166696,0.138866179166696,0.331837249671255,0.0611324677021283,0,0.689849410503124,0.131838602802431,0,0.26622329663877,1.26191537093235,8.83373466390002,6.17917848121192,0.319145305099585,3.64590858633326,0.307636243404963,0.630652337097444,3.18003999308757,3.40589871145298,0.387305349165979,5.19394710012013,0.516597860934501,4.47770394257871,0.321691396133494,0,14.475854934115,0.180279125932889,2.1566752850923,1.66134047853041,0.550372534598967,1.04843375747458,1.21993023802657,26.46589253948,0.14843984656487,1.15922814178209,0.0777337114645678,0,0.0611324677021283,2.36779113279597,0,0,0.59178548136516
2013,35.6855788715963,4.84989221723793,0.13971106359365,0.0312972231430005,0.135425043312609,0.301205383719771,0.146972149104474,0.0698555317968249,0.647138948471301,0,0.101152754939825,0.264899956165652,1.1485068319302,8.51979167619296,5.37435431228056,0.347134648843604,3.06516535558185,0,0.463641629894339,3.36524011004348,3.25708542763645,0.506485958829205,4.23949818015749,0.415789096548355,4.4812486347386,0.684755331076679,0.0771166173076487,14.7937973548128,0.178269372247474,2.05709177137538,2.15636067421831,0.620237616568526,0.738887607759782,1.51978748936517,28.3889590929151,0.0385583086538244,1.45185522579049,0.146972149104474,0,0.0312972231430005,2.50146218388058,0,0,0.491963787807557
2014,37.2313161486678,7.2696267107553,0.240249740123946,0.0759184639290731,0.106880132160323,0.397294177494168,0.104644035946348,0.0379592319645366,1.37899655409845,0.0689209001957861,0.168803468622822,0.175801032356109,0.788645528392133,8.99942972255866,5.45198355061872,0.359624220620995,3.32137847114556,0.220757828053932,0.608818345600839,3.78061379969597,3.62189400170075,0.320640396480968,3.61284725361649,0.517247208173945,3.58419389986599,0.371093976782231,0.0379592319645366,15.1997487797948,0.106880132160323,1.84400012774992,1.70110758474767,0.561625453689041,0.75021010947324,1.62679226317682,28.0070472398984,0.0759184639290731,1.58575925468581,0.235488272604633,0,0.0287255720172751,2.46147358311529,0,0,0.732954293617201
2015,36.6758372320633,6.95364050603458,0.172828235124879,0.0741494447746074,0.0986787903502714,0.68955337196502,0.111224167161911,0.0651993373886825,0.871688156873818,0.0678767563687875,0.244300260919381,0.68863552151941,0.857868487218574,8.50044825623438,5.96858952761088,0.350882474917071,3.97856191888106,0.0678767563687875,0.231754884107741,3.11793988032565,2.9869571540452,0.401905700252515,4.09047632738348,0.524628560487559,4.23525529189863,0.0986787903502714,0.0308020339814838,15.2465294247944,0.0960013713701663,2.37295635299129,2.0646549151701,0.458154930255273,0.562545000963748,1.52579754169313,28.6823136986187,0.104951478756091,1.26160988836231,0.355524428081292,0,0,2.84286764290549,0,0,0.572056516397289
